{"Marcas":[{"Nombre":"Mini Cooper","Categoria":"Sedan"},{"Nombre":"Jeep Wrangler","Categoria":"4x4"},{"Nombre":"Nissan","Categoria":"Suv"},{"Nombre":"Toyota","Categoria":"Sedan"},{"Nombre":"Ford","Categoria":"4x4"}],"Modelos":[{"Nombre":"Qasqhai","Marca":"Nissan","Asientos":5,"Puertas":5,"Combustible":"Super","Transmision":"Automatico"},{"Nombre":"Yaris","Marca":"Toyota","Asientos":5,"Puertas":5,"Combustible":"Regular","Transmision":"Automatico"},{"Nombre":"Bronco","Marca":"Ford","Asientos":5,"Puertas":5,"Combustible":"Super","Transmision":"Secuencial"},{"Nombre":"MOrano","Marca":"Ford","Asientos":10,"Puertas":2,"Combustible":"Regular","Transmision":"Secuencial"}],"Clientes":[{"Nombre":"Mynell","Apellidos":"Myers Hall","Identificacion":"703110565","Tipo":"Nacional","Provincia":"Limon","Canton":"Pococi","Fecha":"20-10-2004","Telefono":"83295574","Correo":"jmyerschaves@gmail.com"}],"Empleados":[{"Nombre":"Mynell","Apellidos":"Myers Hall","Identificacion":"703110565","Tipo":"Nacional","Provincia":"Limon","Canton":"Pococi","Fecha":"20-10-2004","Telefono":"83295574","Correo":"jmyerschaves@gmail.com"},{"Nombre":"Vanllely","Apellidos":"Myers Hall","Identificacion":"702730483","Tipo":"Nacional","Provincia":"Limon","Canton":"Pococi","Fecha":"Fri Dec 24 09:26:25 CST 1999","Telefono":"123456789","Correo":"vanllelyMed@gmail.com","Vehiculos":[]}],"Usuarios":[{"Usuario":"mama","Contrasenha":"1234"},{"Usuario":"admin","Contrasenha":"admin"}],"Vehiculos":[{"Identificacion":"703110565","Marca":"Toyota","Modelo":"Yaris","Anho":"2023","Placa":"wrs1223"}]}