[
  {
    "activo": true,
    "cedCliente": "",
    "descripcionVehiculo": "Un vehiculo con descapotado",
    "descripcionProblema": "Se volvio un panqueque de metal",
    "poliza": false,
    "costo": "$20550",
    "fechaRecibido": "Fri Dec 23 14:37:35 CST 2022",
    "fechaTEntrega": "Sat Dec 09 14:37:38 CST 2023",
    "mecanica": true,
    "enderezado": false
  },
  {
    "activo": true,
    "placa": "wrs1223",
    "tipoServicio": "ENDEREZADOPINTURA",
    "cedCliente": "703110565",
    "descripcionVehiculo": "Se murio maria elena y necesita agua",
    "partesAEnderezarPintar": [
      "Bumper",
      "Capo",
      "Cajuela",
      "Puerta Derecha",
      "Puerta Izquierda",
      "Techo"
    ],
    "poliza": true,
    "folio": "681828",
    "costo": "$1222",
    "fechaRecibido": "Wed Dec 07 15:21:17 CST 2022",
    "fechaTEntrega": "Fri Dec 23 15:21:19 CST 2022",
    "mecanica": false,
    "enderezado": true
  }
]